_id,password,provider,userId
62cd205a86b0448a549ead96,password,62cd0ce286b0448a549eab5d,0101
62cd205a86b0448a549ead97,password,62cd0ce286b0448a549eab5e,0102
62cd205a86b0448a549ead98,password,62cd0ce286b0448a549eab5f,0103
62cd205a86b0448a549ead99,password,62cd0ce286b0448a549eab60,0104
62cd205a86b0448a549ead9a,password,62cd0ce286b0448a549eab61,0105
62cd205a86b0448a549ead9b,password,62cd0ce286b0448a549eab62,0106
62cd205a86b0448a549ead9c,password,62cd0ce286b0448a549eab63,0107
62cd205a86b0448a549ead9d,password,62cd0ce286b0448a549eab64,0108
62cd205a86b0448a549ead9e,password,62cd0ce286b0448a549eab65,0109
62cd205a86b0448a549ead9f,password,62cd0ce286b0448a549eab66,0201
62cd205a86b0448a549eada0,password,62cd0ce286b0448a549eab67,0202
62cd205a86b0448a549eada1,password,62cd0ce286b0448a549eab68,0203
62cd205a86b0448a549eada2,password,62cd0ce286b0448a549eab69,0204
62cd205a86b0448a549eada3,password,62cd0ce286b0448a549eab6a,0205
62cd205a86b0448a549eada4,password,62cd0ce286b0448a549eab6b,0206
62cd205a86b0448a549eada5,password,62cd0ce286b0448a549eab6c,0207
62cd205a86b0448a549eada6,password,62cd0ce286b0448a549eab6d,0208
62cd205a86b0448a549eada7,password,62cd0ce286b0448a549eab6e,0209
62cd205a86b0448a549eada8,password,62cd0ce286b0448a549eab6f,0301
62cd205a86b0448a549eada9,password,62cd0ce286b0448a549eab70,0302
62cd205a86b0448a549eadaa,password,62cd0ce286b0448a549eab71,0303
62cd205a86b0448a549eadab,password,62cd0ce286b0448a549eab72,0304
62cd205a86b0448a549eadac,password,62cd0ce286b0448a549eab73,0305
62cd205a86b0448a549eadad,password,62cd0ce286b0448a549eab74,0306
62cd205a86b0448a549eadae,password,62cd0ce286b0448a549eab75,0307
62cd205a86b0448a549eadaf,password,62cd0ce286b0448a549eab76,0308
62cd205a86b0448a549eadb0,password,62cd0ce286b0448a549eab77,0309
62cd205a86b0448a549eadb1,password,62cd0ce286b0448a549eab78,0401
62cd205a86b0448a549eadb2,password,62cd0ce286b0448a549eab79,0402
62cd205a86b0448a549eadb3,password,62cd0ce286b0448a549eab7a,0403
62cd205a86b0448a549eadb4,password,62cd0ce286b0448a549eab7b,0404
62cd205a86b0448a549eadb5,password,62cd0ce286b0448a549eab7c,0405
62cd205a86b0448a549eadb6,password,62cd0ce286b0448a549eab7d,0406
62cd205a86b0448a549eadb7,password,62cd0ce286b0448a549eab7e,0407
62cd205a86b0448a549eadb8,password,62cd0ce286b0448a549eab7f,0408
62cd205a86b0448a549eadb9,password,62cd0ce286b0448a549eab80,0409
62cd205a86b0448a549eadba,password,62cd0ce286b0448a549eab81,0501
62cd205a86b0448a549eadbb,password,62cd0ce286b0448a549eab82,0502
62cd205a86b0448a549eadbc,password,62cd0ce286b0448a549eab83,0503
62cd205a86b0448a549eadbd,password,62cd0ce286b0448a549eab84,0504
62cd205a86b0448a549eadbe,password,62cd0ce286b0448a549eab85,0505
62cd205a86b0448a549eadbf,password,62cd0ce286b0448a549eab86,0506
62cd205a86b0448a549eadc0,password,62cd0ce286b0448a549eab87,0507
62cd205a86b0448a549eadc1,password,62cd0ce286b0448a549eab88,0508
62cd205a86b0448a549eadc2,password,62cd0ce286b0448a549eab89,0509
62cd205a86b0448a549eadc3,password,62cd0ce286b0448a549eab8a,0601
62cd205a86b0448a549eadc4,password,62cd0ce286b0448a549eab8b,0602
62cd205a86b0448a549eadc5,password,62cd0ce286b0448a549eab8c,0603
62cd205a86b0448a549eadc6,password,62cd0ce286b0448a549eab8d,0604
62cd205a86b0448a549eadc7,password,62cd0ce286b0448a549eab8e,0605
62cd205a86b0448a549eadc8,password,62cd0ce286b0448a549eab8f,0606
62cd205a86b0448a549eadc9,password,62cd0ce286b0448a549eab90,0607
62cd205a86b0448a549eadca,password,62cd0ce286b0448a549eab91,0608
62cd205a86b0448a549eadcb,password,62cd0ce286b0448a549eab92,0609
62cd205a86b0448a549eadcc,password,62cd0ce286b0448a549eab93,0701
62cd205a86b0448a549eadcd,password,62cd0ce286b0448a549eab94,0702
62cd205a86b0448a549eadce,password,62cd0ce286b0448a549eab95,0703
62cd205a86b0448a549eadcf,password,62cd0ce286b0448a549eab96,0704
62cd205a86b0448a549eadd0,password,62cd0ce286b0448a549eab97,0705
62cd205a86b0448a549eadd1,password,62cd0ce286b0448a549eab98,0706
62cd205a86b0448a549eadd2,password,62cd0ce286b0448a549eab99,0707
62cd205a86b0448a549eadd3,password,62cd0ce286b0448a549eab9a,0708
62cd205a86b0448a549eadd4,password,62cd0ce286b0448a549eab9b,0709
62cd205a86b0448a549eadd5,password,62cd0ce286b0448a549eab9c,0801
62cd205a86b0448a549eadd6,password,62cd0ce286b0448a549eab9d,0802
62cd205a86b0448a549eadd7,password,62cd0ce286b0448a549eab9e,0803
62cd205a86b0448a549eadd8,password,62cd0ce286b0448a549eab9f,0804
62cd205a86b0448a549eadd9,password,62cd0ce286b0448a549eaba0,0805
62cd205a86b0448a549eadda,password,62cd0ce286b0448a549eaba1,0806
62cd205a86b0448a549eaddb,password,62cd0ce286b0448a549eaba2,0807
62cd205a86b0448a549eaddc,password,62cd0ce286b0448a549eaba3,0808
62cd205a86b0448a549eaddd,password,62cd0ce286b0448a549eaba4,0809
62cd205a86b0448a549eadde,password,62cd0ce286b0448a549eaba5,0901
62cd205a86b0448a549eaddf,password,62cd0ce286b0448a549eaba6,0902
62cd205a86b0448a549eade0,password,62cd0ce286b0448a549eaba7,0903
62cd205a86b0448a549eade1,password,62cd0ce286b0448a549eaba8,0904
62cd205a86b0448a549eade2,password,62cd0ce286b0448a549eaba9,0905
62cd205a86b0448a549eade3,password,62cd0ce286b0448a549eabaa,0906
62cd205a86b0448a549eade4,password,62cd0ce286b0448a549eabab,0907
62cd205a86b0448a549eade5,password,62cd0ce286b0448a549eabac,0908
62cd205a86b0448a549eade6,password,62cd0ce286b0448a549eabad,0909
62cd205a86b0448a549eade7,password,62cd0ce286b0448a549eabae,1001
62cd205a86b0448a549eade8,password,62cd0ce286b0448a549eabaf,1002
62cd205a86b0448a549eade9,password,62cd0ce286b0448a549eabb0,1003
62cd205a86b0448a549eadea,password,62cd0ce286b0448a549eabb1,1004
62cd205a86b0448a549eadeb,password,62cd0ce286b0448a549eabb2,1005
62cd205a86b0448a549eadec,password,62cd0ce286b0448a549eabb3,1006
62cd205a86b0448a549eaded,password,62cd0ce286b0448a549eabb4,1007
62cd205a86b0448a549eadee,password,62cd0ce286b0448a549eabb5,1008
62cd205a86b0448a549eadef,password,62cd0ce286b0448a549eabb6,1009
62cd205a86b0448a549eadf0,password,62cd0ce286b0448a549eabb7,1101
62cd205a86b0448a549eadf1,password,62cd0ce286b0448a549eabb8,1102
62cd205a86b0448a549eadf2,password,62cd0ce286b0448a549eabb9,1103
62cd205a86b0448a549eadf3,password,62cd0ce286b0448a549eabba,1104
62cd205a86b0448a549eadf4,password,62cd0ce286b0448a549eabbb,1105
62cd205a86b0448a549eadf5,password,62cd0ce286b0448a549eabbc,1106
62cd205a86b0448a549eadf6,password,62cd0ce286b0448a549eabbd,1107
62cd205a86b0448a549eadf7,password,62cd0ce286b0448a549eabbe,1108
62cd205a86b0448a549eadf8,password,62cd0ce286b0448a549eabbf,1109
62cd205a86b0448a549eadf9,password,62cd0ce286b0448a549eabc0,1201
62cd205a86b0448a549eadfa,password,62cd0ce286b0448a549eabc1,1202
62cd205a86b0448a549eadfb,password,62cd0ce286b0448a549eabc2,1203
62cd205a86b0448a549eadfc,password,62cd0ce286b0448a549eabc3,1204
62cd205a86b0448a549eadfd,password,62cd0ce286b0448a549eabc4,1205
62cd205a86b0448a549eadfe,password,62cd0ce286b0448a549eabc5,1206
62cd205a86b0448a549eadff,password,62cd0ce286b0448a549eabc6,1207
62cd205a86b0448a549eae00,password,62cd0ce286b0448a549eabc7,1208
62cd205a86b0448a549eae01,password,62cd0ce286b0448a549eabc8,1209
62cd205a86b0448a549eae02,password,62cd0ce286b0448a549eabc9,1301
62cd205a86b0448a549eae03,password,62cd0ce286b0448a549eabca,1302
62cd205a86b0448a549eae04,password,62cd0ce286b0448a549eabcb,1303
62cd205a86b0448a549eae05,password,62cd0ce286b0448a549eabcc,1304
62cd205a86b0448a549eae06,password,62cd0ce286b0448a549eabcd,1305
62cd205a86b0448a549eae07,password,62cd0ce286b0448a549eabce,1306
62cd205a86b0448a549eae08,password,62cd0ce286b0448a549eabcf,1307
62cd205a86b0448a549eae09,password,62cd0ce286b0448a549eabd0,1308
62cd205a86b0448a549eae0a,password,62cd0ce286b0448a549eabd1,1309
62cd205a86b0448a549eae0b,password,62cd0ce286b0448a549eabd2,1401
62cd205a86b0448a549eae0c,password,62cd0ce286b0448a549eabd3,1402
62cd205a86b0448a549eae0d,password,62cd0ce286b0448a549eabd4,1403
62cd205a86b0448a549eae0e,password,62cd0ce286b0448a549eabd5,1404
62cd205a86b0448a549eae0f,password,62cd0ce286b0448a549eabd6,1405
62cd205a86b0448a549eae10,password,62cd0ce286b0448a549eabd7,1406
62cd205a86b0448a549eae11,password,62cd0ce286b0448a549eabd8,1407
62cd205a86b0448a549eae12,password,62cd0ce286b0448a549eabd9,1408
62cd205a86b0448a549eae13,password,62cd0ce286b0448a549eabda,1409
62cd205a86b0448a549eae14,password,62cd0ce286b0448a549eabdb,1501
62cd205a86b0448a549eae15,password,62cd0ce286b0448a549eabdc,1502
62cd205a86b0448a549eae16,password,62cd0ce286b0448a549eabdd,1503
62cd205a86b0448a549eae17,password,62cd0ce286b0448a549eabde,1504
62cd205a86b0448a549eae18,password,62cd0ce286b0448a549eabdf,1505
62cd205a86b0448a549eae19,password,62cd0ce286b0448a549eabe0,1506
62cd205a86b0448a549eae1a,password,62cd0ce286b0448a549eabe1,1507
62cd205a86b0448a549eae1b,password,62cd0ce286b0448a549eabe2,1508
62cd205a86b0448a549eae1c,password,62cd0ce286b0448a549eabe3,1509
62cd205a86b0448a549eae1d,password,62cd0ce286b0448a549eabe4,1601
62cd205a86b0448a549eae1e,password,62cd0ce286b0448a549eabe5,1602
62cd205a86b0448a549eae1f,password,62cd0ce286b0448a549eabe6,1603
62cd205a86b0448a549eae20,password,62cd0ce286b0448a549eabe7,1604
62cd205a86b0448a549eae21,password,62cd0ce286b0448a549eabe8,1605
62cd205a86b0448a549eae22,password,62cd0ce286b0448a549eabe9,1606
62cd205a86b0448a549eae23,password,62cd0ce286b0448a549eabea,1607
62cd205a86b0448a549eae24,password,62cd0ce286b0448a549eabeb,1608
62cd205a86b0448a549eae25,password,62cd0ce286b0448a549eabec,1609
62cd205a86b0448a549eae26,password,62cd0ce286b0448a549eabed,1701
62cd205a86b0448a549eae27,password,62cd0ce286b0448a549eabee,1702
62cd205a86b0448a549eae28,password,62cd0ce286b0448a549eabef,1703
62cd205a86b0448a549eae29,password,62cd0ce286b0448a549eabf0,1704
62cd205a86b0448a549eae2a,password,62cd0ce286b0448a549eabf1,1705
62cd205a86b0448a549eae2b,password,62cd0ce286b0448a549eabf2,1706
62cd205a86b0448a549eae2c,password,62cd0ce286b0448a549eabf3,1707
62cd205a86b0448a549eae2d,password,62cd0ce286b0448a549eabf4,1708
62cd205a86b0448a549eae2e,password,62cd0ce286b0448a549eabf5,1709
62cd205a86b0448a549eae2f,password,62cd0ce286b0448a549eabf6,1801
62cd205a86b0448a549eae30,password,62cd0ce286b0448a549eabf7,1802
62cd205a86b0448a549eae31,password,62cd0ce286b0448a549eabf8,1803
62cd205a86b0448a549eae32,password,62cd0ce286b0448a549eabf9,1804
62cd205a86b0448a549eae33,password,62cd0ce286b0448a549eabfa,1805
62cd205a86b0448a549eae34,password,62cd0ce286b0448a549eabfb,1806
62cd205a86b0448a549eae35,password,62cd0ce286b0448a549eabfc,1807
62cd205a86b0448a549eae36,password,62cd0ce286b0448a549eabfd,1808
62cd205a86b0448a549eae37,password,62cd0ce286b0448a549eabfe,1809
62cd205a86b0448a549eae38,password,62cd0ce286b0448a549eabff,1901
62cd205a86b0448a549eae39,password,62cd0ce286b0448a549eac00,1902
62cd205a86b0448a549eae3a,password,62cd0ce286b0448a549eac01,1903
62cd205a86b0448a549eae3b,password,62cd0ce286b0448a549eac02,1904
62cd205a86b0448a549eae3c,password,62cd0ce286b0448a549eac03,1905
62cd205a86b0448a549eae3d,password,62cd0ce286b0448a549eac04,1906
62cd205a86b0448a549eae3e,password,62cd0ce286b0448a549eac05,1907
62cd205a86b0448a549eae3f,password,62cd0ce286b0448a549eac06,1908
62cd205a86b0448a549eae40,password,62cd0ce286b0448a549eac07,1909
62cd205a86b0448a549eae41,password,62cd0ce286b0448a549eac08,2001
62cd205a86b0448a549eae42,password,62cd0ce286b0448a549eac09,2002
62cd205a86b0448a549eae43,password,62cd0ce286b0448a549eac0a,2003
62cd205a86b0448a549eae44,password,62cd0ce286b0448a549eac0b,2004
62cd205a86b0448a549eae45,password,62cd0ce286b0448a549eac0c,2005
62cd205a86b0448a549eae46,password,62cd0ce286b0448a549eac0d,2006
62cd205a86b0448a549eae47,password,62cd0ce286b0448a549eac0e,2007
62cd205a86b0448a549eae48,password,62cd0ce286b0448a549eac0f,2008
62cd205a86b0448a549eae49,password,62cd0ce286b0448a549eac10,2009
62cd205a86b0448a549eae4a,password,62cd0ce286b0448a549eac11,2101
62cd205a86b0448a549eae4b,password,62cd0ce286b0448a549eac12,2102
62cd205a86b0448a549eae4c,password,62cd0ce286b0448a549eac13,2103
62cd205a86b0448a549eae4d,password,62cd0ce286b0448a549eac14,2104
62cd205a86b0448a549eae4e,password,62cd0ce286b0448a549eac15,2105
62cd205a86b0448a549eae4f,password,62cd0ce286b0448a549eac16,2106
62cd205a86b0448a549eae50,password,62cd0ce286b0448a549eac17,2107
62cd205a86b0448a549eae51,password,62cd0ce286b0448a549eac18,2108
62cd205a86b0448a549eae52,password,62cd0ce286b0448a549eac19,2109
62cd205a86b0448a549eae53,password,62cd0ce286b0448a549eac1a,2201
62cd205a86b0448a549eae54,password,62cd0ce286b0448a549eac1b,2202
62cd205a86b0448a549eae55,password,62cd0ce286b0448a549eac1c,2203
62cd205a86b0448a549eae56,password,62cd0ce286b0448a549eac1d,2204
62cd205a86b0448a549eae57,password,62cd0ce286b0448a549eac1e,2205
62cd205a86b0448a549eae58,password,62cd0ce286b0448a549eac1f,2206
62cd205a86b0448a549eae59,password,62cd0ce286b0448a549eac20,2207
62cd205a86b0448a549eae5a,password,62cd0ce286b0448a549eac21,2208
62cd205a86b0448a549eae5b,password,62cd0ce286b0448a549eac22,2209
62cd205a86b0448a549eae5c,password,62cd0ce286b0448a549eac23,2301
62cd205a86b0448a549eae5d,password,62cd0ce286b0448a549eac24,2302
62cd205a86b0448a549eae5e,password,62cd0ce286b0448a549eac25,2303
62cd205a86b0448a549eae5f,password,62cd0ce286b0448a549eac26,2304
62cd205a86b0448a549eae60,password,62cd0ce286b0448a549eac27,2305
62cd205a86b0448a549eae61,password,62cd0ce286b0448a549eac28,2306
62cd205a86b0448a549eae62,password,62cd0ce286b0448a549eac29,2307
62cd205a86b0448a549eae63,password,62cd0ce286b0448a549eac2a,2308
62cd205a86b0448a549eae64,password,62cd0ce286b0448a549eac2b,2309
62cd205a86b0448a549eae65,password,62cd0ce286b0448a549eac2c,2401
62cd205a86b0448a549eae66,password,62cd0ce286b0448a549eac2d,2402
62cd205a86b0448a549eae67,password,62cd0ce286b0448a549eac2e,2403
62cd205a86b0448a549eae68,password,62cd0ce286b0448a549eac2f,2404
62cd205a86b0448a549eae69,password,62cd0ce286b0448a549eac30,2405
62cd205a86b0448a549eae6a,password,62cd0ce286b0448a549eac31,2406
62cd205a86b0448a549eae6b,password,62cd0ce286b0448a549eac32,2407
62cd205a86b0448a549eae6c,password,62cd0ce286b0448a549eac33,2408
62cd205a86b0448a549eae6d,password,62cd0ce286b0448a549eac34,2409
62cd205a86b0448a549eae6e,password,62cd0ce286b0448a549eac35,2501
62cd205a86b0448a549eae6f,password,62cd0ce286b0448a549eac36,2502
62cd205a86b0448a549eae70,password,62cd0ce286b0448a549eac37,2503
62cd205a86b0448a549eae71,password,62cd0ce286b0448a549eac38,2504
62cd205a86b0448a549eae72,password,62cd0ce286b0448a549eac39,2505
62cd205a86b0448a549eae73,password,62cd0ce286b0448a549eac3a,2506
62cd205a86b0448a549eae74,password,62cd0ce286b0448a549eac3b,2507
62cd205a86b0448a549eae75,password,62cd0ce286b0448a549eac3c,2508
62cd205a86b0448a549eae76,password,62cd0ce286b0448a549eac3d,2509
62cd205a86b0448a549eae77,password,62cd0ce286b0448a549eac3e,2601
62cd205a86b0448a549eae78,password,62cd0ce286b0448a549eac3f,2602
62cd205a86b0448a549eae79,password,62cd0ce286b0448a549eac40,2603
62cd205a86b0448a549eae7a,password,62cd0ce286b0448a549eac41,2604
62cd205a86b0448a549eae7b,password,62cd0ce286b0448a549eac42,2605
62cd205a86b0448a549eae7c,password,62cd0ce286b0448a549eac43,2606
62cd205a86b0448a549eae7d,password,62cd0ce286b0448a549eac44,2607
62cd205a86b0448a549eae7e,password,62cd0ce286b0448a549eac45,2608
62cd205a86b0448a549eae7f,password,62cd0ce286b0448a549eac46,2609
62cd205a86b0448a549eae80,password,62cd0ce286b0448a549eac47,2701
62cd205a86b0448a549eae81,password,62cd0ce286b0448a549eac48,2702
62cd205a86b0448a549eae82,password,62cd0ce286b0448a549eac49,2703
62cd205a86b0448a549eae83,password,62cd0ce286b0448a549eac4a,2704
62cd205a86b0448a549eae84,password,62cd0ce286b0448a549eac4b,2705
62cd205a86b0448a549eae85,password,62cd0ce286b0448a549eac4c,2706
62cd205a86b0448a549eae86,password,62cd0ce286b0448a549eac4d,2707
62cd205a86b0448a549eae87,password,62cd0ce286b0448a549eac4e,2708
62cd205a86b0448a549eae88,password,62cd0ce286b0448a549eac4f,2709
62cd205a86b0448a549eae89,password,62cd0ce286b0448a549eac50,2801
62cd205a86b0448a549eae8a,password,62cd0ce286b0448a549eac51,2802
62cd205a86b0448a549eae8b,password,62cd0ce286b0448a549eac52,2803
62cd205a86b0448a549eae8c,password,62cd0ce286b0448a549eac53,2804
62cd205a86b0448a549eae8d,password,62cd0ce286b0448a549eac54,2805
62cd205a86b0448a549eae8e,password,62cd0ce286b0448a549eac55,2806
62cd205a86b0448a549eae8f,password,62cd0ce286b0448a549eac56,2807
62cd205a86b0448a549eae90,password,62cd0ce286b0448a549eac57,2808
62cd205a86b0448a549eae91,password,62cd0ce286b0448a549eac58,2809
62cd205a86b0448a549eae92,password,62cd0ce286b0448a549eac59,2901
62cd205a86b0448a549eae93,password,62cd0ce286b0448a549eac5a,2902
62cd205a86b0448a549eae94,password,62cd0ce286b0448a549eac5b,2903
62cd205a86b0448a549eae95,password,62cd0ce286b0448a549eac5c,2904
62cd205a86b0448a549eae96,password,62cd0ce286b0448a549eac5d,2905
62cd205a86b0448a549eae97,password,62cd0ce286b0448a549eac5e,2906
62cd205a86b0448a549eae98,password,62cd0ce286b0448a549eac5f,2907
62cd205a86b0448a549eae99,password,62cd0ce286b0448a549eac60,2908
62cd205a86b0448a549eae9a,password,62cd0ce286b0448a549eac61,2909
62cd205a86b0448a549eae9b,password,62cd0ce286b0448a549eac62,3001
62cd205a86b0448a549eae9c,password,62cd0ce286b0448a549eac63,3002
62cd205a86b0448a549eae9d,password,62cd0ce286b0448a549eac64,3003
62cd205a86b0448a549eae9e,password,62cd0ce286b0448a549eac65,3004
62cd205a86b0448a549eae9f,password,62cd0ce286b0448a549eac66,3005
62cd205a86b0448a549eaea0,password,62cd0ce286b0448a549eac67,3006
62cd205a86b0448a549eaea1,password,62cd0ce286b0448a549eac68,3007
62cd205a86b0448a549eaea2,password,62cd0ce286b0448a549eac69,3008
62cd205a86b0448a549eaea3,password,62cd0ce286b0448a549eac6a,3009
62cd205a86b0448a549eaea4,password,62cd0ce286b0448a549eac6b,3101
62cd205a86b0448a549eaea5,password,62cd0ce286b0448a549eac6c,3102
62cd205a86b0448a549eaea6,password,62cd0ce286b0448a549eac6d,3103
62cd205a86b0448a549eaea7,password,62cd0ce286b0448a549eac6e,3104
62cd205a86b0448a549eaea8,password,62cd0ce286b0448a549eac6f,3105
62cd205a86b0448a549eaea9,password,62cd0ce286b0448a549eac70,3106
62cd205a86b0448a549eaeaa,password,62cd0ce286b0448a549eac71,3107
62cd205a86b0448a549eaeab,password,62cd0ce286b0448a549eac72,3108
62cd205a86b0448a549eaeac,password,62cd0ce286b0448a549eac73,3109
62cd205a86b0448a549eaead,password,62cd0ce286b0448a549eac74,3201
62cd205a86b0448a549eaeae,password,62cd0ce286b0448a549eac75,3202
62cd205a86b0448a549eaeaf,password,62cd0ce286b0448a549eac76,3203
62cd205a86b0448a549eaeb0,password,62cd0ce286b0448a549eac77,3204
62cd205a86b0448a549eaeb1,password,62cd0ce286b0448a549eac78,3205
62cd205a86b0448a549eaeb2,password,62cd0ce286b0448a549eac79,3206
62cd205a86b0448a549eaeb3,password,62cd0ce286b0448a549eac7a,3207
62cd205a86b0448a549eaeb4,password,62cd0ce286b0448a549eac7b,3208
62cd205a86b0448a549eaeb5,password,62cd0ce286b0448a549eac7c,3209
62cd205a86b0448a549eaeb6,password,62cd0ce286b0448a549eac7d,3301
62cd205a86b0448a549eaeb7,password,62cd0ce286b0448a549eac7e,3302
62cd205a86b0448a549eaeb8,password,62cd0ce286b0448a549eac7f,3303
62cd205a86b0448a549eaeb9,password,62cd0ce286b0448a549eac80,3304
62cd205a86b0448a549eaeba,password,62cd0ce286b0448a549eac81,3305
62cd205a86b0448a549eaebb,password,62cd0ce286b0448a549eac82,3306
62cd205a86b0448a549eaebc,password,62cd0ce286b0448a549eac83,3307
62cd205a86b0448a549eaebd,password,62cd0ce286b0448a549eac84,3308
62cd205a86b0448a549eaebe,password,62cd0ce286b0448a549eac85,3309
62cd205a86b0448a549eaebf,password,62cd0ce286b0448a549eac86,3401
62cd205a86b0448a549eaec0,password,62cd0ce286b0448a549eac87,3402
62cd205a86b0448a549eaec1,password,62cd0ce286b0448a549eac88,3403
62cd205a86b0448a549eaec2,password,62cd0ce286b0448a549eac89,3404
62cd205a86b0448a549eaec3,password,62cd0ce286b0448a549eac8a,3405
62cd205a86b0448a549eaec4,password,62cd0ce286b0448a549eac8b,3406
62cd205a86b0448a549eaec5,password,62cd0ce286b0448a549eac8c,3407
62cd205a86b0448a549eaec6,password,62cd0ce286b0448a549eac8d,3408
62cd205a86b0448a549eaec7,password,62cd0ce286b0448a549eac8e,3409
62cd205a86b0448a549eaec8,password,62cd0ce286b0448a549eac8f,3501
62cd205a86b0448a549eaec9,password,62cd0ce286b0448a549eac90,3502
62cd205a86b0448a549eaeca,password,62cd0ce286b0448a549eac91,3503
62cd205a86b0448a549eaecb,password,62cd0ce286b0448a549eac92,3504
62cd205a86b0448a549eaecc,password,62cd0ce286b0448a549eac93,3505
62cd205a86b0448a549eaecd,password,62cd0ce286b0448a549eac94,3506
62cd205a86b0448a549eaece,password,62cd0ce286b0448a549eac95,3507
62cd205a86b0448a549eaecf,password,62cd0ce286b0448a549eac96,3508
62cd205a86b0448a549eaed0,password,62cd0ce286b0448a549eac97,3509
62cd205a86b0448a549eaed1,password,62cd0ce286b0448a549eac98,3601
62cd205a86b0448a549eaed2,password,62cd0ce286b0448a549eac99,3602
62cd205a86b0448a549eaed3,password,62cd0ce286b0448a549eac9a,3603
62cd205a86b0448a549eaed4,password,62cd0ce286b0448a549eac9b,3604
62cd205a86b0448a549eaed5,password,62cd0ce286b0448a549eac9c,3605
62cd205a86b0448a549eaed6,password,62cd0ce286b0448a549eac9d,3606
62cd205a86b0448a549eaed7,password,62cd0ce286b0448a549eac9e,3607
62cd205a86b0448a549eaed8,password,62cd0ce286b0448a549eac9f,3608
62cd205a86b0448a549eaed9,password,62cd0ce286b0448a549eaca0,3609
62cd205a86b0448a549eaeda,password,62cd0ce286b0448a549eaca1,3701
62cd205a86b0448a549eaedb,password,62cd0ce286b0448a549eaca2,3702
62cd205a86b0448a549eaedc,password,62cd0ce286b0448a549eaca3,3703
62cd205a86b0448a549eaedd,password,62cd0ce286b0448a549eaca4,3704
62cd205a86b0448a549eaede,password,62cd0ce286b0448a549eaca5,3705
62cd205a86b0448a549eaedf,password,62cd0ce286b0448a549eaca6,3706
62cd205a86b0448a549eaee0,password,62cd0ce286b0448a549eaca7,3707
62cd205a86b0448a549eaee1,password,62cd0ce286b0448a549eaca8,3708
62cd205a86b0448a549eaee2,password,62cd0ce286b0448a549eaca9,3709
62cd205a86b0448a549eaee3,password,62cd0ce286b0448a549eacaa,3801
62cd205a86b0448a549eaee4,password,62cd0ce286b0448a549eacab,3802
62cd205a86b0448a549eaee5,password,62cd0ce286b0448a549eacac,3803
62cd205a86b0448a549eaee6,password,62cd0ce286b0448a549eacad,3804
62cd205a86b0448a549eaee7,password,62cd0ce286b0448a549eacae,3805
62cd205a86b0448a549eaee8,password,62cd0ce286b0448a549eacaf,3806
62cd205a86b0448a549eaee9,password,62cd0ce286b0448a549eacb0,3807
62cd205a86b0448a549eaeea,password,62cd0ce286b0448a549eacb1,3808
62cd205a86b0448a549eaeeb,password,62cd0ce286b0448a549eacb2,3809
62cd205a86b0448a549eaeec,password,62cd0ce286b0448a549eacb3,3901
62cd205a86b0448a549eaeed,password,62cd0ce286b0448a549eacb4,3902
62cd205a86b0448a549eaeee,password,62cd0ce286b0448a549eacb5,3903
62cd205a86b0448a549eaeef,password,62cd0ce286b0448a549eacb6,3904
62cd205a86b0448a549eaef0,password,62cd0ce286b0448a549eacb7,3905
62cd205a86b0448a549eaef1,password,62cd0ce286b0448a549eacb8,3906
62cd205a86b0448a549eaef2,password,62cd0ce286b0448a549eacb9,3907
62cd205a86b0448a549eaef3,password,62cd0ce286b0448a549eacba,3908
62cd205a86b0448a549eaef4,password,62cd0ce286b0448a549eacbb,3909
62cd205a86b0448a549eaef5,password,62cd0ce286b0448a549eacbc,4001
62cd205a86b0448a549eaef6,password,62cd0ce286b0448a549eacbd,4002
62cd205a86b0448a549eaef7,password,62cd0ce286b0448a549eacbe,4003
62cd205a86b0448a549eaef8,password,62cd0ce286b0448a549eacbf,4004
62cd205a86b0448a549eaef9,password,62cd0ce286b0448a549eacc0,4005
62cd205a86b0448a549eaefa,password,62cd0ce286b0448a549eacc1,4006
62cd205a86b0448a549eaefb,password,62cd0ce286b0448a549eacc2,4007
62cd205a86b0448a549eaefc,password,62cd0ce286b0448a549eacc3,4008
62cd205a86b0448a549eaefd,password,62cd0ce286b0448a549eacc4,4009
62cd205a86b0448a549eaefe,password,62cd0ce286b0448a549eacc5,4101
62cd205a86b0448a549eaeff,password,62cd0ce286b0448a549eacc6,4102
62cd205a86b0448a549eaf00,password,62cd0ce286b0448a549eacc7,4103
62cd205a86b0448a549eaf01,password,62cd0ce286b0448a549eacc8,4104
62cd205a86b0448a549eaf02,password,62cd0ce286b0448a549eacc9,4105
62cd205a86b0448a549eaf03,password,62cd0ce286b0448a549eacca,4106
62cd205a86b0448a549eaf04,password,62cd0ce286b0448a549eaccb,4107
62cd205a86b0448a549eaf05,password,62cd0ce286b0448a549eaccc,4108
62cd205a86b0448a549eaf06,password,62cd0ce286b0448a549eaccd,4109
62cd205a86b0448a549eaf07,password,62cd0ce286b0448a549eacce,4201
62cd205a86b0448a549eaf08,password,62cd0ce286b0448a549eaccf,4202
62cd205a86b0448a549eaf09,password,62cd0ce286b0448a549eacd0,4203
62cd205a86b0448a549eaf0a,password,62cd0ce286b0448a549eacd1,4204
62cd205a86b0448a549eaf0b,password,62cd0ce286b0448a549eacd2,4205
62cd205a86b0448a549eaf0c,password,62cd0ce286b0448a549eacd3,4206
62cd205a86b0448a549eaf0d,password,62cd0ce286b0448a549eacd4,4207
62cd205a86b0448a549eaf0e,password,62cd0ce286b0448a549eacd5,4208
62cd205a86b0448a549eaf0f,password,62cd0ce286b0448a549eacd6,4209
62cd205a86b0448a549eaf10,password,62cd0ce286b0448a549eacd7,4301
62cd205a86b0448a549eaf11,password,62cd0ce286b0448a549eacd8,4302
62cd205a86b0448a549eaf12,password,62cd0ce286b0448a549eacd9,4303
62cd205a86b0448a549eaf13,password,62cd0ce286b0448a549eacda,4304
62cd205a86b0448a549eaf14,password,62cd0ce286b0448a549eacdb,4305
62cd205a86b0448a549eaf15,password,62cd0ce286b0448a549eacdc,4306
62cd205a86b0448a549eaf16,password,62cd0ce286b0448a549eacdd,4307
62cd205a86b0448a549eaf17,password,62cd0ce286b0448a549eacde,4308
62cd205a86b0448a549eaf18,password,62cd0ce286b0448a549eacdf,4309
62cd205a86b0448a549eaf19,password,62cd0ce286b0448a549eace0,4401
62cd205a86b0448a549eaf1a,password,62cd0ce286b0448a549eace1,4402
62cd205a86b0448a549eaf1b,password,62cd0ce286b0448a549eace2,4403
62cd205a86b0448a549eaf1c,password,62cd0ce286b0448a549eace3,4404
62cd205a86b0448a549eaf1d,password,62cd0ce286b0448a549eace4,4405
62cd205a86b0448a549eaf1e,password,62cd0ce286b0448a549eace5,4406
62cd205a86b0448a549eaf1f,password,62cd0ce286b0448a549eace6,4407
62cd205a86b0448a549eaf20,password,62cd0ce286b0448a549eace7,4408
62cd205a86b0448a549eaf21,password,62cd0ce286b0448a549eace8,4409
62cd205a86b0448a549eaf22,password,62cd0ce286b0448a549eace9,4501
62cd205a86b0448a549eaf23,password,62cd0ce286b0448a549eacea,4502
62cd205a86b0448a549eaf24,password,62cd0ce286b0448a549eaceb,4503
62cd205a86b0448a549eaf25,password,62cd0ce286b0448a549eacec,4504
62cd205a86b0448a549eaf26,password,62cd0ce286b0448a549eaced,4505
62cd205a86b0448a549eaf27,password,62cd0ce286b0448a549eacee,4506
62cd205a86b0448a549eaf28,password,62cd0ce286b0448a549eacef,4507
62cd205a86b0448a549eaf29,password,62cd0ce286b0448a549eacf0,4508
62cd205a86b0448a549eaf2a,password,62cd0ce286b0448a549eacf1,4509
62cd205a86b0448a549eaf2b,password,62cd0ce286b0448a549eacf2,4601
62cd205a86b0448a549eaf2c,password,62cd0ce286b0448a549eacf3,4602
62cd205a86b0448a549eaf2d,password,62cd0ce286b0448a549eacf4,4603
62cd205a86b0448a549eaf2e,password,62cd0ce286b0448a549eacf5,4604
62cd205a86b0448a549eaf2f,password,62cd0ce286b0448a549eacf6,4605
62cd205a86b0448a549eaf30,password,62cd0ce286b0448a549eacf7,4606
62cd205a86b0448a549eaf31,password,62cd0ce286b0448a549eacf8,4607
62cd205a86b0448a549eaf32,password,62cd0ce286b0448a549eacf9,4608
62cd205a86b0448a549eaf33,password,62cd0ce286b0448a549eacfa,4609
62cd205a86b0448a549eaf34,password,62cd0ce286b0448a549eacfb,4701
62cd205a86b0448a549eaf35,password,62cd0ce286b0448a549eacfc,4702
62cd205a86b0448a549eaf36,password,62cd0ce286b0448a549eacfd,4703
62cd205a86b0448a549eaf37,password,62cd0ce286b0448a549eacfe,4704
62cd205a86b0448a549eaf38,password,62cd0ce286b0448a549eacff,4705
62cd205a86b0448a549eaf39,password,62cd0ce286b0448a549ead00,4706
62cd205a86b0448a549eaf3a,password,62cd0ce286b0448a549ead01,4707
62cd205a86b0448a549eaf3b,password,62cd0ce286b0448a549ead02,4708
62cd205a86b0448a549eaf3c,password,62cd0ce286b0448a549ead03,4709
62cd205a86b0448a549eaf3d,password,62cd0ce286b0448a549ead04,4801
62cd205a86b0448a549eaf3e,password,62cd0ce286b0448a549ead05,4802
62cd205a86b0448a549eaf3f,password,62cd0ce286b0448a549ead06,4803
62cd205a86b0448a549eaf40,password,62cd0ce286b0448a549ead07,4804
62cd205a86b0448a549eaf41,password,62cd0ce286b0448a549ead08,4805
62cd205a86b0448a549eaf42,password,62cd0ce286b0448a549ead09,4806
62cd205a86b0448a549eaf43,password,62cd0ce286b0448a549ead0a,4807
62cd205a86b0448a549eaf44,password,62cd0ce286b0448a549ead0b,4808
62cd205a86b0448a549eaf45,password,62cd0ce286b0448a549ead0c,4809
62cd205a86b0448a549eaf46,password,62cd0ce286b0448a549ead0d,4901
62cd205a86b0448a549eaf47,password,62cd0ce286b0448a549ead0e,4902
62cd205a86b0448a549eaf48,password,62cd0ce286b0448a549ead0f,4903
62cd205a86b0448a549eaf49,password,62cd0ce286b0448a549ead10,4904
62cd205a86b0448a549eaf4a,password,62cd0ce286b0448a549ead11,4905
62cd205a86b0448a549eaf4b,password,62cd0ce286b0448a549ead12,4906
62cd205a86b0448a549eaf4c,password,62cd0ce286b0448a549ead13,4907
62cd205a86b0448a549eaf4d,password,62cd0ce286b0448a549ead14,4908
62cd205a86b0448a549eaf4e,password,62cd0ce286b0448a549ead15,4909
62cd205a86b0448a549eaf4f,password,62cd0ce286b0448a549ead16,5001
62cd205a86b0448a549eaf50,password,62cd0ce286b0448a549ead17,5002
62cd205a86b0448a549eaf51,password,62cd0ce286b0448a549ead18,5003
62cd205a86b0448a549eaf52,password,62cd0ce286b0448a549ead19,5004
62cd205a86b0448a549eaf53,password,62cd0ce286b0448a549ead1a,5005
62cd205a86b0448a549eaf54,password,62cd0ce286b0448a549ead1b,5006
62cd205a86b0448a549eaf55,password,62cd0ce286b0448a549ead1c,5007
62cd205a86b0448a549eaf56,password,62cd0ce286b0448a549ead1d,5008
62cd205a86b0448a549eaf57,password,62cd0ce286b0448a549ead1e,5009
62cd205a86b0448a549eaf58,password,62cd0ce286b0448a549ead1f,5101
62cd205a86b0448a549eaf59,password,62cd0ce286b0448a549ead20,5102
62cd205a86b0448a549eaf5a,password,62cd0ce286b0448a549ead21,5103
62cd205a86b0448a549eaf5b,password,62cd0ce286b0448a549ead22,5104
62cd205a86b0448a549eaf5c,password,62cd0ce286b0448a549ead23,5105
62cd205a86b0448a549eaf5d,password,62cd0ce286b0448a549ead24,5106
62cd205a86b0448a549eaf5e,password,62cd0ce286b0448a549ead25,5107
62cd205a86b0448a549eaf5f,password,62cd0ce286b0448a549ead26,5108
62cd205a86b0448a549eaf60,password,62cd0ce286b0448a549ead27,5109
62cd205a86b0448a549eaf61,password,62cd0ce286b0448a549ead28,5201
62cd205a86b0448a549eaf62,password,62cd0ce286b0448a549ead29,5202
62cd205a86b0448a549eaf63,password,62cd0ce286b0448a549ead2a,5203
62cd205a86b0448a549eaf64,password,62cd0ce286b0448a549ead2b,5204
62cd205a86b0448a549eaf65,password,62cd0ce286b0448a549ead2c,5205
62cd205a86b0448a549eaf66,password,62cd0ce286b0448a549ead2d,5206
62cd205a86b0448a549eaf67,password,62cd0ce286b0448a549ead2e,5207
62cd205a86b0448a549eaf68,password,62cd0ce286b0448a549ead2f,5208
62cd205a86b0448a549eaf69,password,62cd0ce286b0448a549ead30,5209
62cd205a86b0448a549eaf6a,password,62cd0ce286b0448a549ead31,5301
62cd205a86b0448a549eaf6b,password,62cd0ce286b0448a549ead32,5302
62cd205a86b0448a549eaf6c,password,62cd0ce286b0448a549ead33,5303
62cd205a86b0448a549eaf6d,password,62cd0ce286b0448a549ead34,5304
62cd205a86b0448a549eaf6e,password,62cd0ce286b0448a549ead35,5305
62cd205a86b0448a549eaf6f,password,62cd0ce286b0448a549ead36,5306
62cd205a86b0448a549eaf70,password,62cd0ce286b0448a549ead37,5307
62cd205a86b0448a549eaf71,password,62cd0ce286b0448a549ead38,5308
62cd205a86b0448a549eaf72,password,62cd0ce286b0448a549ead39,5309
62cd205a86b0448a549eaf73,password,62cd0ce286b0448a549ead3a,5401
62cd205a86b0448a549eaf74,password,62cd0ce286b0448a549ead3b,5402
62cd205a86b0448a549eaf75,password,62cd0ce286b0448a549ead3c,5403
62cd205a86b0448a549eaf76,password,62cd0ce286b0448a549ead3d,5404
62cd205a86b0448a549eaf77,password,62cd0ce286b0448a549ead3e,5405
62cd205a86b0448a549eaf78,password,62cd0ce286b0448a549ead3f,5406
62cd205a86b0448a549eaf79,password,62cd0ce286b0448a549ead40,5407
62cd205a86b0448a549eaf7a,password,62cd0ce286b0448a549ead41,5408
62cd205a86b0448a549eaf7b,password,62cd0ce286b0448a549ead42,5409
62cd205a86b0448a549eaf7c,password,62cd0ce286b0448a549ead43,5501
62cd205a86b0448a549eaf7d,password,62cd0ce286b0448a549ead44,5502
62cd205a86b0448a549eaf7e,password,62cd0ce286b0448a549ead45,5503
62cd205a86b0448a549eaf7f,password,62cd0ce286b0448a549ead46,5504
62cd205a86b0448a549eaf80,password,62cd0ce286b0448a549ead47,5505
62cd205a86b0448a549eaf81,password,62cd0ce286b0448a549ead48,5506
62cd205a86b0448a549eaf82,password,62cd0ce286b0448a549ead49,5507
62cd205a86b0448a549eaf83,password,62cd0ce286b0448a549ead4a,5508
62cd205a86b0448a549eaf84,password,62cd0ce286b0448a549ead4b,5509
62cd205a86b0448a549eaf85,password,62cd0ce286b0448a549ead4c,5601
62cd205a86b0448a549eaf86,password,62cd0ce286b0448a549ead4d,5602
62cd205a86b0448a549eaf87,password,62cd0ce286b0448a549ead4e,5603
62cd205a86b0448a549eaf88,password,62cd0ce286b0448a549ead4f,5604
62cd205a86b0448a549eaf89,password,62cd0ce286b0448a549ead50,5605
62cd205a86b0448a549eaf8a,password,62cd0ce286b0448a549ead51,5606
62cd205a86b0448a549eaf8b,password,62cd0ce286b0448a549ead52,5607
62cd205a86b0448a549eaf8c,password,62cd0ce286b0448a549ead53,5608
62cd205a86b0448a549eaf8d,password,62cd0ce286b0448a549ead54,5609
62cd205a86b0448a549eaf8e,password,62cd0ce286b0448a549ead55,5701
62cd205a86b0448a549eaf8f,password,62cd0ce286b0448a549ead56,5702
62cd205a86b0448a549eaf90,password,62cd0ce286b0448a549ead57,5703
62cd205a86b0448a549eaf91,password,62cd0ce286b0448a549ead58,5704
62cd205a86b0448a549eaf92,password,62cd0ce286b0448a549ead59,5705
62cd205a86b0448a549eaf93,password,62cd0ce286b0448a549ead5a,5706
62cd205a86b0448a549eaf94,password,62cd0ce286b0448a549ead5b,5707
62cd205a86b0448a549eaf95,password,62cd0ce286b0448a549ead5c,5708
62cd205a86b0448a549eaf96,password,62cd0ce286b0448a549ead5d,5709
62cd205a86b0448a549eaf97,password,62cd0ce286b0448a549ead5e,5801
62cd205a86b0448a549eaf98,password,62cd0ce286b0448a549ead5f,5802
62cd205a86b0448a549eaf99,password,62cd0ce286b0448a549ead60,5803
62cd205a86b0448a549eaf9a,password,62cd0ce286b0448a549ead61,5804
62cd205a86b0448a549eaf9b,password,62cd0ce286b0448a549ead62,5805
62cd205a86b0448a549eaf9c,password,62cd0ce286b0448a549ead63,5806
62cd205a86b0448a549eaf9d,password,62cd0ce286b0448a549ead64,5807
62cd205a86b0448a549eaf9e,password,62cd0ce286b0448a549ead65,5808
62cd205a86b0448a549eaf9f,password,62cd0ce286b0448a549ead66,5809
62cd205a86b0448a549eafa0,password,62cd0ce286b0448a549ead67,5901
62cd205a86b0448a549eafa1,password,62cd0ce286b0448a549ead68,5902
62cd205a86b0448a549eafa2,password,62cd0ce286b0448a549ead69,5903
62cd205a86b0448a549eafa3,password,62cd0ce286b0448a549ead6a,5904
62cd205a86b0448a549eafa4,password,62cd0ce286b0448a549ead6b,5905
62cd205a86b0448a549eafa5,password,62cd0ce286b0448a549ead6c,5906
62cd205a86b0448a549eafa6,password,62cd0ce286b0448a549ead6d,5907
62cd205a86b0448a549eafa7,password,62cd0ce286b0448a549ead6e,5908
62cd205a86b0448a549eafa8,password,62cd0ce286b0448a549ead6f,5909
62cd205a86b0448a549eafa9,password,62cd0ce286b0448a549ead70,6001
62cd205a86b0448a549eafaa,password,62cd0ce286b0448a549ead71,6002
62cd205a86b0448a549eafab,password,62cd0ce286b0448a549ead72,6003
62cd205a86b0448a549eafac,password,62cd0ce286b0448a549ead73,6004
62cd205a86b0448a549eafad,password,62cd0ce286b0448a549ead74,6005
62cd205a86b0448a549eafae,password,62cd0ce286b0448a549ead75,6006
62cd205a86b0448a549eafaf,password,62cd0ce286b0448a549ead76,6007
62cd205a86b0448a549eafb0,password,62cd0ce286b0448a549ead77,6008
62cd205a86b0448a549eafb1,password,62cd0ce286b0448a549ead78,6009
62cd205a86b0448a549eafb2,password,62cd0ce286b0448a549ead79,6101
62cd205a86b0448a549eafb3,password,62cd0ce286b0448a549ead7a,6102
62cd205a86b0448a549eafb4,password,62cd0ce286b0448a549ead7b,6103
62cd205a86b0448a549eafb5,password,62cd0ce286b0448a549ead7c,6104
62cd205a86b0448a549eafb6,password,62cd0ce286b0448a549ead7d,6105
62cd205a86b0448a549eafb7,password,62cd0ce286b0448a549ead7e,6106
62cd205a86b0448a549eafb8,password,62cd0ce286b0448a549ead7f,6107
62cd205a86b0448a549eafb9,password,62cd0ce286b0448a549ead80,6108
62cd205a86b0448a549eafba,password,62cd0ce286b0448a549ead81,6109
62cd205a86b0448a549eafbb,password,62cd0ce286b0448a549ead82,6201
62cd205a86b0448a549eafbc,password,62cd0ce286b0448a549ead83,6202
62cd205a86b0448a549eafbd,password,62cd0ce286b0448a549ead84,6203
62cd205a86b0448a549eafbe,password,62cd0ce286b0448a549ead85,6204
62cd205a86b0448a549eafbf,password,62cd0ce286b0448a549ead86,6205
62cd205a86b0448a549eafc0,password,62cd0ce286b0448a549ead87,6206
62cd205a86b0448a549eafc1,password,62cd0ce286b0448a549ead88,6207
62cd205a86b0448a549eafc2,password,62cd0ce286b0448a549ead89,6208
62cd205a86b0448a549eafc3,password,62cd0ce286b0448a549ead8a,6209
62cd205a86b0448a549eafc4,password,62cd0ce286b0448a549ead8b,6301
62cd205a86b0448a549eafc5,password,62cd0ce286b0448a549ead8c,6302
62cd205a86b0448a549eafc6,password,62cd0ce286b0448a549ead8d,6303
62cd205a86b0448a549eafc7,password,62cd0ce286b0448a549ead8e,6304
62cd205a86b0448a549eafc8,password,62cd0ce286b0448a549ead8f,6305
62cd205a86b0448a549eafc9,password,62cd0ce286b0448a549ead90,6306
62cd205a86b0448a549eafca,password,62cd0ce286b0448a549ead91,6307
62cd205a86b0448a549eafcb,password,62cd0ce286b0448a549ead92,6308
62cd205a86b0448a549eafcc,password,62cd0ce286b0448a549ead93,6309